<?xml version="1.0" encoding="UTF-8"?>
<build-type xmlns:xsi="http://www.w3.org/2001/XMLSchema-instance" uuid="f9908b44-5689-4c63-9df0-beb70b586723" xsi:noNamespaceSchemaLocation="https://www.jetbrains.com/teamcity/schemas/2021.1/project-config.xsd">
  <name>Build</name>
  <description />
  <settings ref="StrTeamcityExample_MyBuild">
    <options>
      <option name="artifactRules" value="*.jar =&gt; /artifacts/" />
      <option name="publishArtifactCondition" value="SUCCESSFUL" />
    </options>
    <parameters />
    <build-runners />
    <vcs-settings />
    <requirements />
    <build-triggers>
      <build-trigger id="TRIGGER_2" type="vcsTrigger">
        <parameters>
          <param name="branchFilter" value="+:*" />
          <param name="perCheckinTriggering" value="true" />
          <param name="quietPeriodMode" value="DO_NOT_USE" />
        </parameters>
      </build-trigger>
    </build-triggers>
    <cleanup />
  </settings>
</build-type>

